{
    "1195175200187228172": [
        {
            "dono_ticket": "1195175200187228172",
            "fechou_ticket": "1195175200187228172",
            "assumido": "`Ninguem Assumiu`",
            "motivo": "fdgdfg",
            "tipo": "Ticket",
            "codigo": "KO27MSNZ"
        },
        {
            "dono_ticket": "1195175200187228172",
            "fechou_ticket": "1195175200187228172",
            "assumido": "`Ninguem Assumiu`",
            "motivo": "sdfsdf",
            "tipo": "Ticket",
            "codigo": "5Y18TMA8"
        }
    ]
}